,n_parallel_crops,run_time
0,1.0,40.6374871731
1,51.0,0.879832029343
2,101.0,0.549479961395
3,151.0,0.371652126312
4,201.0,0.35216999054
5,251.0,0.240936040878
6,301.0,0.234252929688
7,351.0,0.2038230896
8,401.0,0.217508077621
9,451.0,0.216157913208
10,501.0,0.223610162735
